"8 1st characters of ""ID"" field";in which small file?
Flop;0
2h 2d 2c;1
3d 2d 2c;1
3h 2d 2c;1
4d 2d 2c;1
4h 2d 2c;1
5d 2d 2c;1
5h 2d 2c;1
6d 2d 2c;1
6h 2d 2c;1
7d 2d 2c;1
7h 2d 2c;1
8d 2d 2c;1
8h 2d 2c;1
9d 2d 2c;1
9h 2d 2c;1
Ad 2d 2c;1
Ah 2d 2c;1
Jd 2d 2c;1
Jh 2d 2c;1
Kd 2d 2c;1
Kh 2d 2c;1
Qd 2d 2c;1
Qh 2d 2c;1
Td 2d 2c;1
Th 2d 2c;1
3d 3c 2c;1
4c 3c 2c;1
4d 3c 2c;1
5c 3c 2c;1
5d 3c 2c;1
6c 3c 2c;1
6d 3c 2c;1
7c 3c 2c;1
7d 3c 2c;1
8c 3c 2c;1
8d 3c 2c;1
9c 3c 2c;1
9d 3c 2c;1
Ac 3c 2c;1
Ad 3c 2c;1
Jc 3c 2c;1
Jd 3c 2c;1
Kc 3c 2c;1
Kd 3c 2c;1
Qc 3c 2c;1
Qd 3c 2c;1
Tc 3c 2c;1
Td 3c 2c;1
3h 3d 2c;1
4c 3d 2c;1
4d 3d 2c;1
4h 3d 2c;1
5c 3d 2c;1
5d 3d 2c;1
5h 3d 2c;1
6c 3d 2c;1
6d 3d 2c;1
6h 3d 2c;1
7c 3d 2c;1
7d 3d 2c;1
7h 3d 2c;1
8c 3d 2c;1
8d 3d 2c;1
8h 3d 2c;1
9c 3d 2c;1
9d 3d 2c;1
9h 3d 2c;1
Ac 3d 2c;1
Ad 3d 2c;1
Ah 3d 2c;1
Jc 3d 2c;1
Jd 3d 2c;1
Jh 3d 2c;1
Kc 3d 2c;1
Kd 3d 2c;1
Kh 3d 2c;1
Qc 3d 2c;1
Qd 3d 2c;1
Qh 3d 2c;1
Tc 3d 2c;1
Td 3d 2c;1
Th 3d 2c;1
4d 4c 2c;1
5c 4c 2c;1
5d 4c 2c;1
6c 4c 2c;1
6d 4c 2c;1
7c 4c 2c;1
7d 4c 2c;1
8c 4c 2c;1
8d 4c 2c;1
9c 4c 2c;1
9d 4c 2c;1
Ac 4c 2c;1
Ad 4c 2c;1
Jc 4c 2c;1
Jd 4c 2c;1
Kc 4c 2c;1
Kd 4c 2c;1
Qc 4c 2c;1
Qd 4c 2c;1
Tc 4c 2c;1
Td 4c 2c;1
4h 4d 2c;1
5c 4d 2c;1
5d 4d 2c;1
5h 4d 2c;1
6c 4d 2c;1
6d 4d 2c;1
6h 4d 2c;1
7c 4d 2c;1
7d 4d 2c;1
7h 4d 2c;1
8c 4d 2c;1
8d 4d 2c;1
8h 4d 2c;1
9c 4d 2c;1
9d 4d 2c;1
9h 4d 2c;1
Ac 4d 2c;1
Ad 4d 2c;1
Ah 4d 2c;1
Jc 4d 2c;1
Jd 4d 2c;1
Jh 4d 2c;1
Kc 4d 2c;1
Kd 4d 2c;1
Kh 4d 2c;1
Qc 4d 2c;1
Qd 4d 2c;1
Qh 4d 2c;1
Tc 4d 2c;1
Td 4d 2c;1
Th 4d 2c;1
5d 5c 2c;1
6c 5c 2c;1
6d 5c 2c;1
7c 5c 2c;1
7d 5c 2c;1
8c 5c 2c;1
8d 5c 2c;1
9c 5c 2c;1
9d 5c 2c;1
Ac 5c 2c;1
Ad 5c 2c;1
Jc 5c 2c;1
Jd 5c 2c;1
Kc 5c 2c;1
Kd 5c 2c;1
Qc 5c 2c;1
Qd 5c 2c;1
Tc 5c 2c;1
Td 5c 2c;1
5h 5d 2c;1
6c 5d 2c;1
6d 5d 2c;1
6h 5d 2c;1
7c 5d 2c;1
7d 5d 2c;1
7h 5d 2c;1
8c 5d 2c;1
8d 5d 2c;1
8h 5d 2c;1
9c 5d 2c;1
9d 5d 2c;1
9h 5d 2c;1
Ac 5d 2c;1
Ad 5d 2c;1
Ah 5d 2c;1
Jc 5d 2c;1
Jd 5d 2c;1
Jh 5d 2c;1
Kc 5d 2c;2
Kd 5d 2c;2
Kh 5d 2c;2
Qc 5d 2c;2
Qd 5d 2c;2
Qh 5d 2c;2
Tc 5d 2c;2
Td 5d 2c;2
Th 5d 2c;2
6d 6c 2c;2
7c 6c 2c;2
7d 6c 2c;2
8c 6c 2c;2
8d 6c 2c;2
9c 6c 2c;2
9d 6c 2c;2
Ac 6c 2c;2
Ad 6c 2c;2
Jc 6c 2c;2
Jd 6c 2c;2
Kc 6c 2c;2
Kd 6c 2c;2
Qc 6c 2c;2
Qd 6c 2c;2
Tc 6c 2c;2
Td 6c 2c;2
6h 6d 2c;2
7c 6d 2c;2
7d 6d 2c;2
7h 6d 2c;2
8c 6d 2c;2
8d 6d 2c;2
8h 6d 2c;2
9c 6d 2c;2
9d 6d 2c;2
9h 6d 2c;2
Ac 6d 2c;2
Ad 6d 2c;2
Ah 6d 2c;2
Jc 6d 2c;2
Jd 6d 2c;2
Jh 6d 2c;2
Kc 6d 2c;2
Kd 6d 2c;2
Kh 6d 2c;2
Qc 6d 2c;2
Qd 6d 2c;2
Qh 6d 2c;2
Tc 6d 2c;2
Td 6d 2c;2
Th 6d 2c;2
7d 7c 2c;2
8c 7c 2c;2
8d 7c 2c;2
9c 7c 2c;2
9d 7c 2c;2
Ac 7c 2c;2
Ad 7c 2c;2
Jc 7c 2c;2
Jd 7c 2c;2
Kc 7c 2c;2
Kd 7c 2c;2
Qc 7c 2c;2
Qd 7c 2c;2
Tc 7c 2c;2
Td 7c 2c;2
7h 7d 2c;2
8c 7d 2c;2
8d 7d 2c;2
8h 7d 2c;2
9c 7d 2c;2
9d 7d 2c;2
9h 7d 2c;2
Ac 7d 2c;2
Ad 7d 2c;2
Ah 7d 2c;2
Jc 7d 2c;2
Jd 7d 2c;2
Jh 7d 2c;2
Kc 7d 2c;2
Kd 7d 2c;2
Kh 7d 2c;2
Qc 7d 2c;2
Qd 7d 2c;2
Qh 7d 2c;2
Tc 7d 2c;2
Td 7d 2c;2
Th 7d 2c;2
8d 8c 2c;2
9c 8c 2c;2
9d 8c 2c;2
Ac 8c 2c;2
Ad 8c 2c;2
Jc 8c 2c;2
Jd 8c 2c;2
Kc 8c 2c;2
Kd 8c 2c;2
Qc 8c 2c;2
Qd 8c 2c;2
Tc 8c 2c;2
Td 8c 2c;2
8h 8d 2c;2
9c 8d 2c;2
9d 8d 2c;2
9h 8d 2c;2
Ac 8d 2c;2
Ad 8d 2c;2
Ah 8d 2c;2
Jc 8d 2c;2
Jd 8d 2c;2
Jh 8d 2c;2
Kc 8d 2c;2
Kd 8d 2c;2
Kh 8d 2c;2
Qc 8d 2c;2
Qd 8d 2c;2
Qh 8d 2c;2
Tc 8d 2c;2
Td 8d 2c;2
Th 8d 2c;2
9d 9c 2c;2
Ac 9c 2c;2
Ad 9c 2c;2
Jc 9c 2c;2
Jd 9c 2c;2
Kc 9c 2c;2
Kd 9c 2c;2
Qc 9c 2c;2
Qd 9c 2c;2
Tc 9c 2c;2
Td 9c 2c;2
9h 9d 2c;2
Ac 9d 2c;2
Ad 9d 2c;2
Ah 9d 2c;2
Jc 9d 2c;2
Jd 9d 2c;2
Jh 9d 2c;2
Kc 9d 2c;2
Kd 9d 2c;2
Kh 9d 2c;2
Qc 9d 2c;2
Qd 9d 2c;2
Qh 9d 2c;2
Tc 9d 2c;2
Td 9d 2c;2
Th 9d 2c;2
Ad Ac 2c;2
Ah Ad 2c;2
Ac Jc 2c;2
Ad Jc 2c;2
Jd Jc 2c;2
Kc Jc 2c;2
Kd Jc 2c;2
Qc Jc 2c;2
Qd Jc 2c;2
Ac Jd 2c;2
Ad Jd 2c;2
Ah Jd 2c;2
Jh Jd 2c;2
Kc Jd 2c;2
Kd Jd 2c;2
Kh Jd 2c;2
Qc Jd 2c;2
Qd Jd 2c;2
Qh Jd 2c;2
Ac Kc 2c;2
Ad Kc 2c;2
Kd Kc 2c;2
Ac Kd 2c;2
Ad Kd 2c;2
Ah Kd 2c;2
Kh Kd 2c;2
Ac Qc 2c;2
Ad Qc 2c;2
Kc Qc 2c;3
Kd Qc 2c;3
Qd Qc 2c;3
Ac Qd 2c;3
Ad Qd 2c;3
Ah Qd 2c;3
Kc Qd 2c;3
Kd Qd 2c;3
Kh Qd 2c;3
Qh Qd 2c;3
Ac Tc 2c;3
Ad Tc 2c;3
Jc Tc 2c;3
Jd Tc 2c;3
Kc Tc 2c;3
Kd Tc 2c;3
Qc Tc 2c;3
Qd Tc 2c;3
Td Tc 2c;3
Ac Td 2c;3
Ad Td 2c;3
Ah Td 2c;3
Jc Td 2c;3
Jd Td 2c;3
Jh Td 2c;3
Kc Td 2c;3
Kd Td 2c;3
Kh Td 2c;3
Qc Td 2c;3
Qd Td 2c;3
Qh Td 2c;3
Th Td 2c;3
3h 3d 3c;3
4d 3d 3c;3
4h 3d 3c;3
5d 3d 3c;3
5h 3d 3c;3
6d 3d 3c;3
6h 3d 3c;3
7d 3d 3c;3
7h 3d 3c;3
8d 3d 3c;3
8h 3d 3c;3
9d 3d 3c;3
9h 3d 3c;3
Ad 3d 3c;3
Ah 3d 3c;3
Jd 3d 3c;3
Jh 3d 3c;3
Kd 3d 3c;3
Kh 3d 3c;3
Qd 3d 3c;3
Qh 3d 3c;3
Td 3d 3c;3
Th 3d 3c;3
4d 4c 3c;3
5c 4c 3c;3
5d 4c 3c;3
6c 4c 3c;3
6d 4c 3c;3
7c 4c 3c;3
7d 4c 3c;3
8c 4c 3c;3
8d 4c 3c;3
9c 4c 3c;3
9d 4c 3c;3
Ac 4c 3c;3
Ad 4c 3c;3
Jc 4c 3c;3
Jd 4c 3c;3
Kc 4c 3c;3
Kd 4c 3c;3
Qc 4c 3c;3
Qd 4c 3c;3
Tc 4c 3c;3
Td 4c 3c;3
4h 4d 3c;3
5c 4d 3c;3
5d 4d 3c;3
5h 4d 3c;3
6c 4d 3c;3
6d 4d 3c;3
6h 4d 3c;3
7c 4d 3c;3
7d 4d 3c;3
7h 4d 3c;3
8c 4d 3c;3
8d 4d 3c;3
8h 4d 3c;3
9c 4d 3c;3
9d 4d 3c;3
9h 4d 3c;3
Ac 4d 3c;3
Ad 4d 3c;3
Ah 4d 3c;3
Jc 4d 3c;3
Jd 4d 3c;3
Jh 4d 3c;3
Kc 4d 3c;3
Kd 4d 3c;3
Kh 4d 3c;3
Qc 4d 3c;3
Qd 4d 3c;3
Qh 4d 3c;3
Tc 4d 3c;3
Td 4d 3c;3
Th 4d 3c;3
5d 5c 3c;3
6c 5c 3c;3
6d 5c 3c;3
7c 5c 3c;3
7d 5c 3c;3
8c 5c 3c;3
8d 5c 3c;3
9c 5c 3c;3
9d 5c 3c;3
Ac 5c 3c;3
Ad 5c 3c;3
Jc 5c 3c;3
Jd 5c 3c;3
Kc 5c 3c;3
Kd 5c 3c;3
Qc 5c 3c;3
Qd 5c 3c;3
Tc 5c 3c;3
Td 5c 3c;3
5h 5d 3c;3
6c 5d 3c;3
6d 5d 3c;3
6h 5d 3c;3
7c 5d 3c;3
7d 5d 3c;3
7h 5d 3c;3
8c 5d 3c;3
8d 5d 3c;3
8h 5d 3c;3
9c 5d 3c;3
9d 5d 3c;3
9h 5d 3c;3
Ac 5d 3c;3
Ad 5d 3c;3
Ah 5d 3c;3
Jc 5d 3c;3
Jd 5d 3c;3
Jh 5d 3c;3
Kc 5d 3c;3
Kd 5d 3c;3
Kh 5d 3c;3
Qc 5d 3c;3
Qd 5d 3c;3
Qh 5d 3c;3
Tc 5d 3c;3
Td 5d 3c;3
Th 5d 3c;3
6d 6c 3c;3
7c 6c 3c;3
7d 6c 3c;3
8c 6c 3c;3
8d 6c 3c;3
9c 6c 3c;3
9d 6c 3c;3
Ac 6c 3c;3
Ad 6c 3c;3
Jc 6c 3c;3
Jd 6c 3c;3
Kc 6c 3c;3
Kd 6c 3c;3
Qc 6c 3c;3
Qd 6c 3c;3
Tc 6c 3c;3
Td 6c 3c;3
6h 6d 3c;3
7c 6d 3c;3
7d 6d 3c;3
7h 6d 3c;3
8c 6d 3c;4
8d 6d 3c;4
8h 6d 3c;4
9c 6d 3c;4
9d 6d 3c;4
9h 6d 3c;4
Ac 6d 3c;4
Ad 6d 3c;4
Ah 6d 3c;4
Jc 6d 3c;4
Jd 6d 3c;4
Jh 6d 3c;4
Kc 6d 3c;4
Kd 6d 3c;4
Kh 6d 3c;4
Qc 6d 3c;4
Qd 6d 3c;4
Qh 6d 3c;4
Tc 6d 3c;4
Td 6d 3c;4
Th 6d 3c;4
7d 7c 3c;4
8c 7c 3c;4
8d 7c 3c;4
9c 7c 3c;4
9d 7c 3c;4
Ac 7c 3c;4
Ad 7c 3c;4
Jc 7c 3c;4
Jd 7c 3c;4
Kc 7c 3c;4
Kd 7c 3c;4
Qc 7c 3c;4
Qd 7c 3c;4
Tc 7c 3c;4
Td 7c 3c;4
7h 7d 3c;4
8c 7d 3c;4
8d 7d 3c;4
8h 7d 3c;4
9c 7d 3c;4
9d 7d 3c;4
9h 7d 3c;4
Ac 7d 3c;4
Ad 7d 3c;4
Ah 7d 3c;4
Jc 7d 3c;4
Jd 7d 3c;4
Jh 7d 3c;4
Kc 7d 3c;4
Kd 7d 3c;4
Kh 7d 3c;4
Qc 7d 3c;4
Qd 7d 3c;4
Qh 7d 3c;4
Tc 7d 3c;4
Td 7d 3c;4
Th 7d 3c;4
8d 8c 3c;4
9c 8c 3c;4
9d 8c 3c;4
Ac 8c 3c;4
Ad 8c 3c;4
Jc 8c 3c;4
Jd 8c 3c;4
Kc 8c 3c;4
Kd 8c 3c;4
Qc 8c 3c;4
Qd 8c 3c;4
Tc 8c 3c;4
Td 8c 3c;4
8h 8d 3c;4
9c 8d 3c;4
9d 8d 3c;4
9h 8d 3c;4
Ac 8d 3c;4
Ad 8d 3c;4
Ah 8d 3c;4
Jc 8d 3c;4
Jd 8d 3c;4
Jh 8d 3c;4
Kc 8d 3c;4
Kd 8d 3c;4
Kh 8d 3c;4
Qc 8d 3c;4
Qd 8d 3c;4
Qh 8d 3c;4
Tc 8d 3c;4
Td 8d 3c;4
Th 8d 3c;4
9d 9c 3c;4
Ac 9c 3c;4
Ad 9c 3c;4
Jc 9c 3c;4
Jd 9c 3c;4
Kc 9c 3c;4
Kd 9c 3c;4
Qc 9c 3c;4
Qd 9c 3c;4
Tc 9c 3c;4
Td 9c 3c;4
9h 9d 3c;4
Ac 9d 3c;4
Ad 9d 3c;4
Ah 9d 3c;4
Jc 9d 3c;4
Jd 9d 3c;4
Jh 9d 3c;4
Kc 9d 3c;4
Kd 9d 3c;4
Kh 9d 3c;4
Qc 9d 3c;4
Qd 9d 3c;4
Qh 9d 3c;4
Tc 9d 3c;4
Td 9d 3c;4
Th 9d 3c;4
Ad Ac 3c;4
Ah Ad 3c;4
Ac Jc 3c;4
Ad Jc 3c;4
Jd Jc 3c;4
Kc Jc 3c;4
Kd Jc 3c;4
Qc Jc 3c;4
Qd Jc 3c;4
Ac Jd 3c;4
Ad Jd 3c;4
Ah Jd 3c;4
Jh Jd 3c;4
Kc Jd 3c;4
Kd Jd 3c;4
Kh Jd 3c;4
Qc Jd 3c;4
Qd Jd 3c;4
Qh Jd 3c;4
Ac Kc 3c;4
Ad Kc 3c;4
Kd Kc 3c;4
Ac Kd 3c;4
Ad Kd 3c;4
Ah Kd 3c;4
Kh Kd 3c;4
Ac Qc 3c;4
Ad Qc 3c;4
Kc Qc 3c;4
Kd Qc 3c;4
Qd Qc 3c;4
Ac Qd 3c;4
Ad Qd 3c;4
Ah Qd 3c;4
Kc Qd 3c;4
Kd Qd 3c;4
Kh Qd 3c;4
Qh Qd 3c;4
Ac Tc 3c;4
Ad Tc 3c;4
Jc Tc 3c;4
Jd Tc 3c;4
Kc Tc 3c;4
Kd Tc 3c;4
Qc Tc 3c;4
Qd Tc 3c;4
Td Tc 3c;4
Ac Td 3c;4
Ad Td 3c;4
Ah Td 3c;4
Jc Td 3c;4
Jd Td 3c;4
Jh Td 3c;4
Kc Td 3c;4
Kd Td 3c;4
Kh Td 3c;4
Qc Td 3c;4
Qd Td 3c;4
Qh Td 3c;5
Th Td 3c;5
4h 4d 4c;5
5d 4d 4c;5
5h 4d 4c;5
6d 4d 4c;5
6h 4d 4c;5
7d 4d 4c;5
7h 4d 4c;5
8d 4d 4c;5
8h 4d 4c;5
9d 4d 4c;5
9h 4d 4c;5
Ad 4d 4c;5
Ah 4d 4c;5
Jd 4d 4c;5
Jh 4d 4c;5
Kd 4d 4c;5
Kh 4d 4c;5
Qd 4d 4c;5
Qh 4d 4c;5
Td 4d 4c;5
Th 4d 4c;5
5d 5c 4c;5
6c 5c 4c;5
6d 5c 4c;5
7c 5c 4c;5
7d 5c 4c;5
8c 5c 4c;5
8d 5c 4c;5
9c 5c 4c;5
9d 5c 4c;5
Ac 5c 4c;5
Ad 5c 4c;5
Jc 5c 4c;5
Jd 5c 4c;5
Kc 5c 4c;5
Kd 5c 4c;5
Qc 5c 4c;5
Qd 5c 4c;5
Tc 5c 4c;5
Td 5c 4c;5
5h 5d 4c;5
6c 5d 4c;5
6d 5d 4c;5
6h 5d 4c;5
7c 5d 4c;5
7d 5d 4c;5
7h 5d 4c;5
8c 5d 4c;5
8d 5d 4c;5
8h 5d 4c;5
9c 5d 4c;5
9d 5d 4c;5
9h 5d 4c;5
Ac 5d 4c;5
Ad 5d 4c;5
Ah 5d 4c;5
Jc 5d 4c;5
Jd 5d 4c;5
Jh 5d 4c;5
Kc 5d 4c;5
Kd 5d 4c;5
Kh 5d 4c;5
Qc 5d 4c;5
Qd 5d 4c;5
Qh 5d 4c;5
Tc 5d 4c;5
Td 5d 4c;5
Th 5d 4c;5
6d 6c 4c;5
7c 6c 4c;5
7d 6c 4c;5
8c 6c 4c;5
8d 6c 4c;5
9c 6c 4c;5
9d 6c 4c;5
Ac 6c 4c;5
Ad 6c 4c;5
Jc 6c 4c;5
Jd 6c 4c;5
Kc 6c 4c;5
Kd 6c 4c;5
Qc 6c 4c;5
Qd 6c 4c;5
Tc 6c 4c;5
Td 6c 4c;5
6h 6d 4c;5
7c 6d 4c;5
7d 6d 4c;5
7h 6d 4c;5
8c 6d 4c;5
8d 6d 4c;5
8h 6d 4c;5
9c 6d 4c;5
9d 6d 4c;5
9h 6d 4c;5
Ac 6d 4c;5
Ad 6d 4c;5
Ah 6d 4c;5
Jc 6d 4c;5
Jd 6d 4c;5
Jh 6d 4c;5
Kc 6d 4c;5
Kd 6d 4c;5
Kh 6d 4c;5
Qc 6d 4c;5
Qd 6d 4c;5
Qh 6d 4c;5
Tc 6d 4c;5
Td 6d 4c;5
Th 6d 4c;5
7d 7c 4c;5
8c 7c 4c;5
8d 7c 4c;5
9c 7c 4c;5
9d 7c 4c;5
Ac 7c 4c;5
Ad 7c 4c;5
Jc 7c 4c;5
Jd 7c 4c;5
Kc 7c 4c;5
Kd 7c 4c;5
Qc 7c 4c;5
Qd 7c 4c;5
Tc 7c 4c;5
Td 7c 4c;5
7h 7d 4c;5
8c 7d 4c;5
8d 7d 4c;5
8h 7d 4c;5
9c 7d 4c;5
9d 7d 4c;5
9h 7d 4c;5
Ac 7d 4c;5
Ad 7d 4c;5
Ah 7d 4c;5
Jc 7d 4c;5
Jd 7d 4c;5
Jh 7d 4c;5
Kc 7d 4c;5
Kd 7d 4c;5
Kh 7d 4c;5
Qc 7d 4c;5
Qd 7d 4c;5
Qh 7d 4c;5
Tc 7d 4c;5
Td 7d 4c;5
Th 7d 4c;5
8d 8c 4c;5
9c 8c 4c;5
9d 8c 4c;5
Ac 8c 4c;5
Ad 8c 4c;5
Jc 8c 4c;5
Jd 8c 4c;5
Kc 8c 4c;5
Kd 8c 4c;5
Qc 8c 4c;5
Qd 8c 4c;5
Tc 8c 4c;5
Td 8c 4c;5
8h 8d 4c;5
9c 8d 4c;5
9d 8d 4c;5
9h 8d 4c;5
Ac 8d 4c;5
Ad 8d 4c;5
Ah 8d 4c;5
Jc 8d 4c;5
Jd 8d 4c;5
Jh 8d 4c;5
Kc 8d 4c;5
Kd 8d 4c;5
Kh 8d 4c;5
Qc 8d 4c;6
Qd 8d 4c;6
Qh 8d 4c;6
Tc 8d 4c;6
Td 8d 4c;6
Th 8d 4c;6
9d 9c 4c;6
Ac 9c 4c;6
Ad 9c 4c;6
Jc 9c 4c;6
Jd 9c 4c;6
Kc 9c 4c;6
Kd 9c 4c;6
Qc 9c 4c;6
Qd 9c 4c;6
Tc 9c 4c;6
Td 9c 4c;6
9h 9d 4c;6
Ac 9d 4c;6
Ad 9d 4c;6
Ah 9d 4c;6
Jc 9d 4c;6
Jd 9d 4c;6
Jh 9d 4c;6
Kc 9d 4c;6
Kd 9d 4c;6
Kh 9d 4c;6
Qc 9d 4c;6
Qd 9d 4c;6
Qh 9d 4c;6
Tc 9d 4c;6
Td 9d 4c;6
Th 9d 4c;6
Ad Ac 4c;6
Ah Ad 4c;6
Ac Jc 4c;6
Ad Jc 4c;6
Jd Jc 4c;6
Kc Jc 4c;6
Kd Jc 4c;6
Qc Jc 4c;6
Qd Jc 4c;6
Ac Jd 4c;6
Ad Jd 4c;6
Ah Jd 4c;6
Jh Jd 4c;6
Kc Jd 4c;6
Kd Jd 4c;6
Kh Jd 4c;6
Qc Jd 4c;6
Qd Jd 4c;6
Qh Jd 4c;6
Ac Kc 4c;6
Ad Kc 4c;6
Kd Kc 4c;6
Ac Kd 4c;6
Ad Kd 4c;6
Ah Kd 4c;6
Kh Kd 4c;6
Ac Qc 4c;6
Ad Qc 4c;6
Kc Qc 4c;6
Kd Qc 4c;6
Qd Qc 4c;6
Ac Qd 4c;6
Ad Qd 4c;6
Ah Qd 4c;6
Kc Qd 4c;6
Kd Qd 4c;6
Kh Qd 4c;6
Qh Qd 4c;6
Ac Tc 4c;6
Ad Tc 4c;6
Jc Tc 4c;6
Jd Tc 4c;6
Kc Tc 4c;6
Kd Tc 4c;6
Qc Tc 4c;6
Qd Tc 4c;6
Td Tc 4c;6
Ac Td 4c;6
Ad Td 4c;6
Ah Td 4c;6
Jc Td 4c;6
Jd Td 4c;6
Jh Td 4c;6
Kc Td 4c;6
Kd Td 4c;6
Kh Td 4c;6
Qc Td 4c;6
Qd Td 4c;6
Qh Td 4c;6
Th Td 4c;6
5h 5d 5c;6
6d 5d 5c;6
6h 5d 5c;6
7d 5d 5c;6
7h 5d 5c;6
8d 5d 5c;6
8h 5d 5c;6
9d 5d 5c;6
9h 5d 5c;6
Ad 5d 5c;6
Ah 5d 5c;6
Jd 5d 5c;6
Jh 5d 5c;6
Kd 5d 5c;6
Kh 5d 5c;6
Qd 5d 5c;6
Qh 5d 5c;6
Td 5d 5c;6
Th 5d 5c;6
6d 6c 5c;6
7c 6c 5c;6
7d 6c 5c;6
8c 6c 5c;6
8d 6c 5c;6
9c 6c 5c;6
9d 6c 5c;6
Ac 6c 5c;6
Ad 6c 5c;6
Jc 6c 5c;6
Jd 6c 5c;6
Kc 6c 5c;6
Kd 6c 5c;6
Qc 6c 5c;6
Qd 6c 5c;6
Tc 6c 5c;6
Td 6c 5c;6
6h 6d 5c;6
7c 6d 5c;6
7d 6d 5c;6
7h 6d 5c;6
8c 6d 5c;6
8d 6d 5c;6
8h 6d 5c;6
9c 6d 5c;6
9d 6d 5c;6
9h 6d 5c;6
Ac 6d 5c;6
Ad 6d 5c;6
Ah 6d 5c;6
Jc 6d 5c;6
Jd 6d 5c;6
Jh 6d 5c;6
Kc 6d 5c;6
Kd 6d 5c;6
Kh 6d 5c;6
Qc 6d 5c;6
Qd 6d 5c;6
Qh 6d 5c;6
Tc 6d 5c;6
Td 6d 5c;6
Th 6d 5c;6
7d 7c 5c;6
8c 7c 5c;6
8d 7c 5c;6
9c 7c 5c;6
9d 7c 5c;6
Ac 7c 5c;6
Ad 7c 5c;6
Jc 7c 5c;6
Jd 7c 5c;6
Kc 7c 5c;6
Kd 7c 5c;6
Qc 7c 5c;6
Qd 7c 5c;6
Tc 7c 5c;6
Td 7c 5c;6
7h 7d 5c;6
8c 7d 5c;6
8d 7d 5c;6
8h 7d 5c;6
9c 7d 5c;6
9d 7d 5c;6
9h 7d 5c;7
Ac 7d 5c;7
Ad 7d 5c;7
Ah 7d 5c;7
Jc 7d 5c;7
Jd 7d 5c;7
Jh 7d 5c;7
Kc 7d 5c;7
Kd 7d 5c;7
Kh 7d 5c;7
Qc 7d 5c;7
Qd 7d 5c;7
Qh 7d 5c;7
Tc 7d 5c;7
Td 7d 5c;7
Th 7d 5c;7
8d 8c 5c;7
9c 8c 5c;7
9d 8c 5c;7
Ac 8c 5c;7
Ad 8c 5c;7
Jc 8c 5c;7
Jd 8c 5c;7
Kc 8c 5c;7
Kd 8c 5c;7
Qc 8c 5c;7
Qd 8c 5c;7
Tc 8c 5c;7
Td 8c 5c;7
8h 8d 5c;7
9c 8d 5c;7
9d 8d 5c;7
9h 8d 5c;7
Ac 8d 5c;7
Ad 8d 5c;7
Ah 8d 5c;7
Jc 8d 5c;7
Jd 8d 5c;7
Jh 8d 5c;7
Kc 8d 5c;7
Kd 8d 5c;7
Kh 8d 5c;7
Qc 8d 5c;7
Qd 8d 5c;7
Qh 8d 5c;7
Tc 8d 5c;7
Td 8d 5c;7
Th 8d 5c;7
9d 9c 5c;7
Ac 9c 5c;7
Ad 9c 5c;7
Jc 9c 5c;7
Jd 9c 5c;7
Kc 9c 5c;7
Kd 9c 5c;7
Qc 9c 5c;7
Qd 9c 5c;7
Tc 9c 5c;7
Td 9c 5c;7
9h 9d 5c;7
Ac 9d 5c;7
Ad 9d 5c;7
Ah 9d 5c;7
Jc 9d 5c;7
Jd 9d 5c;7
Jh 9d 5c;7
Kc 9d 5c;7
Kd 9d 5c;7
Kh 9d 5c;7
Qc 9d 5c;7
Qd 9d 5c;7
Qh 9d 5c;7
Tc 9d 5c;7
Td 9d 5c;7
Th 9d 5c;7
Ad Ac 5c;7
Ah Ad 5c;7
Ac Jc 5c;7
Ad Jc 5c;7
Jd Jc 5c;7
Kc Jc 5c;7
Kd Jc 5c;7
Qc Jc 5c;7
Qd Jc 5c;7
Ac Jd 5c;7
Ad Jd 5c;7
Ah Jd 5c;7
Jh Jd 5c;7
Kc Jd 5c;7
Kd Jd 5c;7
Kh Jd 5c;7
Qc Jd 5c;7
Qd Jd 5c;7
Qh Jd 5c;7
Ac Kc 5c;7
Ad Kc 5c;7
Kd Kc 5c;7
Ac Kd 5c;7
Ad Kd 5c;7
Ah Kd 5c;7
Kh Kd 5c;7
Ac Qc 5c;7
Ad Qc 5c;7
Kc Qc 5c;7
Kd Qc 5c;7
Qd Qc 5c;7
Ac Qd 5c;7
Ad Qd 5c;7
Ah Qd 5c;7
Kc Qd 5c;7
Kd Qd 5c;7
Kh Qd 5c;7
Qh Qd 5c;7
Ac Tc 5c;7
Ad Tc 5c;7
Jc Tc 5c;7
Jd Tc 5c;7
Kc Tc 5c;7
Kd Tc 5c;7
Qc Tc 5c;7
Qd Tc 5c;7
Td Tc 5c;7
Ac Td 5c;7
Ad Td 5c;7
Ah Td 5c;7
Jc Td 5c;7
Jd Td 5c;7
Jh Td 5c;7
Kc Td 5c;7
Kd Td 5c;7
Kh Td 5c;7
Qc Td 5c;7
Qd Td 5c;7
Qh Td 5c;7
Th Td 5c;7
6h 6d 6c;7
7d 6d 6c;7
7h 6d 6c;7
8d 6d 6c;7
8h 6d 6c;7
9d 6d 6c;7
9h 6d 6c;7
Ad 6d 6c;7
Ah 6d 6c;7
Jd 6d 6c;7
Jh 6d 6c;7
Kd 6d 6c;7
Kh 6d 6c;7
Qd 6d 6c;7
Qh 6d 6c;7
Td 6d 6c;7
Th 6d 6c;7
7d 7c 6c;7
8c 7c 6c;7
8d 7c 6c;7
9c 7c 6c;7
9d 7c 6c;7
Ac 7c 6c;7
Ad 7c 6c;7
Jc 7c 6c;7
Jd 7c 6c;7
Kc 7c 6c;7
Kd 7c 6c;7
Qc 7c 6c;7
Qd 7c 6c;7
Tc 7c 6c;7
Td 7c 6c;7
7h 7d 6c;7
8c 7d 6c;7
8d 7d 6c;7
8h 7d 6c;7
9c 7d 6c;7
9d 7d 6c;7
9h 7d 6c;7
Ac 7d 6c;7
Ad 7d 6c;8
Ah 7d 6c;8
Jc 7d 6c;8
Jd 7d 6c;8
Jh 7d 6c;8
Kc 7d 6c;8
Kd 7d 6c;8
Kh 7d 6c;8
Qc 7d 6c;8
Qd 7d 6c;8
Qh 7d 6c;8
Tc 7d 6c;8
Td 7d 6c;8
Th 7d 6c;8
8d 8c 6c;8
9c 8c 6c;8
9d 8c 6c;8
Ac 8c 6c;8
Ad 8c 6c;8
Jc 8c 6c;8
Jd 8c 6c;8
Kc 8c 6c;8
Kd 8c 6c;8
Qc 8c 6c;8
Qd 8c 6c;8
Tc 8c 6c;8
Td 8c 6c;8
8h 8d 6c;8
9c 8d 6c;8
9d 8d 6c;8
9h 8d 6c;8
Ac 8d 6c;8
Ad 8d 6c;8
Ah 8d 6c;8
Jc 8d 6c;8
Jd 8d 6c;8
Jh 8d 6c;8
Kc 8d 6c;8
Kd 8d 6c;8
Kh 8d 6c;8
Qc 8d 6c;8
Qd 8d 6c;8
Qh 8d 6c;8
Tc 8d 6c;8
Td 8d 6c;8
Th 8d 6c;8
9d 9c 6c;8
Ac 9c 6c;8
Ad 9c 6c;8
Jc 9c 6c;8
Jd 9c 6c;8
Kc 9c 6c;8
Kd 9c 6c;8
Qc 9c 6c;8
Qd 9c 6c;8
Tc 9c 6c;8
Td 9c 6c;8
9h 9d 6c;8
Ac 9d 6c;8
Ad 9d 6c;8
Ah 9d 6c;8
Jc 9d 6c;8
Jd 9d 6c;8
Jh 9d 6c;8
Kc 9d 6c;8
Kd 9d 6c;8
Kh 9d 6c;8
Qc 9d 6c;8
Qd 9d 6c;8
Qh 9d 6c;8
Tc 9d 6c;8
Td 9d 6c;8
Th 9d 6c;8
Ad Ac 6c;8
Ah Ad 6c;8
Ac Jc 6c;8
Ad Jc 6c;8
Jd Jc 6c;8
Kc Jc 6c;8
Kd Jc 6c;8
Qc Jc 6c;8
Qd Jc 6c;8
Ac Jd 6c;8
Ad Jd 6c;8
Ah Jd 6c;8
Jh Jd 6c;8
Kc Jd 6c;8
Kd Jd 6c;8
Kh Jd 6c;8
Qc Jd 6c;8
Qd Jd 6c;8
Qh Jd 6c;8
Ac Kc 6c;8
Ad Kc 6c;8
Kd Kc 6c;8
Ac Kd 6c;8
Ad Kd 6c;8
Ah Kd 6c;8
Kh Kd 6c;8
Ac Qc 6c;8
Ad Qc 6c;8
Kc Qc 6c;8
Kd Qc 6c;8
Qd Qc 6c;8
Ac Qd 6c;8
Ad Qd 6c;8
Ah Qd 6c;8
Kc Qd 6c;8
Kd Qd 6c;8
Kh Qd 6c;8
Qh Qd 6c;8
Ac Tc 6c;8
Ad Tc 6c;8
Jc Tc 6c;8
Jd Tc 6c;8
Kc Tc 6c;8
Kd Tc 6c;8
Qc Tc 6c;8
Qd Tc 6c;8
Td Tc 6c;8
Ac Td 6c;8
Ad Td 6c;8
Ah Td 6c;8
Jc Td 6c;8
Jd Td 6c;8
Jh Td 6c;8
Kc Td 6c;8
Kd Td 6c;8
Kh Td 6c;8
Qc Td 6c;8
Qd Td 6c;8
Qh Td 6c;8
Th Td 6c;8
7h 7d 7c;8
8d 7d 7c;8
8h 7d 7c;8
9d 7d 7c;8
9h 7d 7c;8
Ad 7d 7c;8
Ah 7d 7c;8
Jd 7d 7c;8
Jh 7d 7c;8
Kd 7d 7c;8
Kh 7d 7c;8
Qd 7d 7c;8
Qh 7d 7c;8
Td 7d 7c;8
Th 7d 7c;8
8d 8c 7c;8
9c 8c 7c;8
9d 8c 7c;8
Ac 8c 7c;8
Ad 8c 7c;8
Jc 8c 7c;8
Jd 8c 7c;8
Kc 8c 7c;8
Kd 8c 7c;8
Qc 8c 7c;8
Qd 8c 7c;8
Tc 8c 7c;8
Td 8c 7c;8
8h 8d 7c;8
9c 8d 7c;8
9d 8d 7c;8
9h 8d 7c;8
Ac 8d 7c;8
Ad 8d 7c;8
Ah 8d 7c;8
Jc 8d 7c;8
Jd 8d 7c;8
Jh 8d 7c;8
Kc 8d 7c;8
Kd 8d 7c;8
Kh 8d 7c;8
Qc 8d 7c;8
Qd 8d 7c;9
Qh 8d 7c;9
Tc 8d 7c;9
Td 8d 7c;9
Th 8d 7c;9
9d 9c 7c;9
Ac 9c 7c;9
Ad 9c 7c;9
Jc 9c 7c;9
Jd 9c 7c;9
Kc 9c 7c;9
Kd 9c 7c;9
Qc 9c 7c;9
Qd 9c 7c;9
Tc 9c 7c;9
Td 9c 7c;9
9h 9d 7c;9
Ac 9d 7c;9
Ad 9d 7c;9
Ah 9d 7c;9
Jc 9d 7c;9
Jd 9d 7c;9
Jh 9d 7c;9
Kc 9d 7c;9
Kd 9d 7c;9
Kh 9d 7c;9
Qc 9d 7c;9
Qd 9d 7c;9
Qh 9d 7c;9
Tc 9d 7c;9
Td 9d 7c;9
Th 9d 7c;9
Ad Ac 7c;9
Ah Ad 7c;9
Ac Jc 7c;9
Ad Jc 7c;9
Jd Jc 7c;9
Kc Jc 7c;9
Kd Jc 7c;9
Qc Jc 7c;9
Qd Jc 7c;9
Ac Jd 7c;9
Ad Jd 7c;9
Ah Jd 7c;9
Jh Jd 7c;9
Kc Jd 7c;9
Kd Jd 7c;9
Kh Jd 7c;9
Qc Jd 7c;9
Qd Jd 7c;9
Qh Jd 7c;9
Ac Kc 7c;9
Ad Kc 7c;9
Kd Kc 7c;9
Ac Kd 7c;9
Ad Kd 7c;9
Ah Kd 7c;9
Kh Kd 7c;9
Ac Qc 7c;9
Ad Qc 7c;9
Kc Qc 7c;9
Kd Qc 7c;9
Qd Qc 7c;9
Ac Qd 7c;9
Ad Qd 7c;9
Ah Qd 7c;9
Kc Qd 7c;9
Kd Qd 7c;9
Kh Qd 7c;9
Qh Qd 7c;9
Ac Tc 7c;9
Ad Tc 7c;9
Jc Tc 7c;9
Jd Tc 7c;9
Kc Tc 7c;9
Kd Tc 7c;9
Qc Tc 7c;9
Qd Tc 7c;9
Td Tc 7c;9
Ac Td 7c;9
Ad Td 7c;9
Ah Td 7c;9
Jc Td 7c;9
Jd Td 7c;9
Jh Td 7c;9
Kc Td 7c;9
Kd Td 7c;9
Kh Td 7c;9
Qc Td 7c;9
Qd Td 7c;9
Qh Td 7c;9
Th Td 7c;9
8h 8d 8c;9
9d 8d 8c;9
9h 8d 8c;9
Ad 8d 8c;9
Ah 8d 8c;9
Jd 8d 8c;9
Jh 8d 8c;9
Kd 8d 8c;9
Kh 8d 8c;9
Qd 8d 8c;9
Qh 8d 8c;9
Td 8d 8c;9
Th 8d 8c;9
9d 9c 8c;9
Ac 9c 8c;9
Ad 9c 8c;9
Jc 9c 8c;9
Jd 9c 8c;9
Kc 9c 8c;9
Kd 9c 8c;9
Qc 9c 8c;9
Qd 9c 8c;9
Tc 9c 8c;9
Td 9c 8c;9
9h 9d 8c;9
Ac 9d 8c;9
Ad 9d 8c;9
Ah 9d 8c;9
Jc 9d 8c;9
Jd 9d 8c;9
Jh 9d 8c;9
Kc 9d 8c;9
Kd 9d 8c;9
Kh 9d 8c;9
Qc 9d 8c;9
Qd 9d 8c;9
Qh 9d 8c;9
Tc 9d 8c;9
Td 9d 8c;9
Th 9d 8c;9
Ad Ac 8c;9
Ah Ad 8c;9
Ac Jc 8c;9
Ad Jc 8c;9
Jd Jc 8c;9
Kc Jc 8c;9
Kd Jc 8c;9
Qc Jc 8c;9
Qd Jc 8c;9
Ac Jd 8c;9
Ad Jd 8c;9
Ah Jd 8c;9
Jh Jd 8c;9
Kc Jd 8c;9
Kd Jd 8c;9
Kh Jd 8c;9
Qc Jd 8c;9
Qd Jd 8c;9
Qh Jd 8c;9
Ac Kc 8c;9
Ad Kc 8c;9
Kd Kc 8c;9
Ac Kd 8c;9
Ad Kd 8c;9
Ah Kd 8c;9
Kh Kd 8c;9
Ac Qc 8c;9
Ad Qc 8c;9
Kc Qc 8c;9
Kd Qc 8c;9
Qd Qc 8c;9
Ac Qd 8c;9
Ad Qd 8c;9
Ah Qd 8c;9
Kc Qd 8c;9
Kd Qd 8c;9
Kh Qd 8c;9
Qh Qd 8c;9
Ac Tc 8c;9
Ad Tc 8c;9
Jc Tc 8c;9
Jd Tc 8c;9
Kc Tc 8c;9
Kd Tc 8c;10
Qc Tc 8c;10
Qd Tc 8c;10
Td Tc 8c;10
Ac Td 8c;10
Ad Td 8c;10
Ah Td 8c;10
Jc Td 8c;10
Jd Td 8c;10
Jh Td 8c;10
Kc Td 8c;10
Kd Td 8c;10
Kh Td 8c;10
Qc Td 8c;10
Qd Td 8c;10
Qh Td 8c;10
Th Td 8c;10
9h 9d 9c;10
Ad 9d 9c;10
Ah 9d 9c;10
Jd 9d 9c;10
Jh 9d 9c;10
Kd 9d 9c;10
Kh 9d 9c;10
Qd 9d 9c;10
Qh 9d 9c;10
Td 9d 9c;10
Th 9d 9c;10
Ad Ac 9c;10
Ah Ad 9c;10
Ac Jc 9c;10
Ad Jc 9c;10
Jd Jc 9c;10
Kc Jc 9c;10
Kd Jc 9c;10
Qc Jc 9c;10
Qd Jc 9c;10
Ac Jd 9c;10
Ad Jd 9c;10
Ah Jd 9c;10
Jh Jd 9c;10
Kc Jd 9c;10
Kd Jd 9c;10
Kh Jd 9c;10
Qc Jd 9c;10
Qd Jd 9c;10
Qh Jd 9c;10
Ac Kc 9c;10
Ad Kc 9c;10
Kd Kc 9c;10
Ac Kd 9c;10
Ad Kd 9c;10
Ah Kd 9c;10
Kh Kd 9c;10
Ac Qc 9c;10
Ad Qc 9c;10
Kc Qc 9c;10
Kd Qc 9c;10
Qd Qc 9c;10
Ac Qd 9c;10
Ad Qd 9c;10
Ah Qd 9c;10
Kc Qd 9c;10
Kd Qd 9c;10
Kh Qd 9c;10
Qh Qd 9c;10
Ac Tc 9c;10
Ad Tc 9c;10
Jc Tc 9c;10
Jd Tc 9c;10
Kc Tc 9c;10
Kd Tc 9c;10
Qc Tc 9c;10
Qd Tc 9c;10
Td Tc 9c;10
Ac Td 9c;10
Ad Td 9c;10
Ah Td 9c;10
Jc Td 9c;10
Jd Td 9c;10
Jh Td 9c;10
Kc Td 9c;10
Kd Td 9c;10
Kh Td 9c;10
Qc Td 9c;10
Qd Td 9c;10
Qh Td 9c;10
Th Td 9c;10
Ah Ad Ac;10
Ad Ac Jc;10
Ah Ad Jc;10
Ad Jd Jc;10
Ah Jd Jc;10
Jh Jd Jc;10
Kd Jd Jc;10
Kh Jd Jc;10
Qd Jd Jc;10
Qh Jd Jc;10
Ac Kc Jc;10
Ad Kc Jc;10
Kd Kc Jc;10
Ac Kd Jc;10
Ad Kd Jc;10
Ah Kd Jc;10
Kh Kd Jc;10
Ac Qc Jc;10
Ad Qc Jc;10
Kc Qc Jc;10
Kd Qc Jc;10
Qd Qc Jc;10
Ac Qd Jc;10
Ad Qd Jc;10
Ah Qd Jc;10
Kc Qd Jc;10
Kd Qd Jc;10
Kh Qd Jc;10
Qh Qd Jc;10
Ad Ac Kc;10
Ah Ad Kc;10
Ad Kd Kc;10
Ah Kd Kc;10
Kh Kd Kc;10
Ad Ac Qc;10
Ah Ad Qc;10
Ac Kc Qc;10
Ad Kc Qc;10
Kd Kc Qc;10
Ac Kd Qc;10
Ad Kd Qc;10
Ah Kd Qc;10
Kh Kd Qc;10
Ad Qd Qc;10
Ah Qd Qc;10
Kd Qd Qc;10
Kh Qd Qc;10
Qh Qd Qc;10
Ad Ac Tc;10
Ah Ad Tc;10
Ac Jc Tc;10
Ad Jc Tc;10
Jd Jc Tc;10
Kc Jc Tc;10
Kd Jc Tc;10
Qc Jc Tc;10
Qd Jc Tc;10
Ac Jd Tc;10
Ad Jd Tc;10
Ah Jd Tc;10
Jh Jd Tc;10
Kc Jd Tc;10
Kd Jd Tc;10
Kh Jd Tc;10
Qc Jd Tc;10
Qd Jd Tc;10
Qh Jd Tc;10
Ac Kc Tc;10
Ad Kc Tc;10
Kd Kc Tc;10
Ac Kd Tc;10
Ad Kd Tc;10
Ah Kd Tc;10
Kh Kd Tc;10
Ac Qc Tc;10
Ad Qc Tc;10
Kc Qc Tc;10
Kd Qc Tc;10
Qd Qc Tc;10
Ac Qd Tc;10
Ad Qd Tc;10
Ah Qd Tc;10
Kc Qd Tc;10
Kd Qd Tc;10
Kh Qd Tc;10
Qh Qd Tc;10
Ad Td Tc;10
Ah Td Tc;10
Jd Td Tc;10
Jh Td Tc;10
Kd Td Tc;10
Kh Td Tc;10
Qd Td Tc;10
Qh Td Tc;10
Th Td Tc;10
